"SF_MARKA","SF_MODEL","SF_VERSIYON","TSB_TIP_ADI"
"TOYOTA","C-HR","Flame 1.8 Hybrid e-CVT","(TSB'de bulunamadı)"
"TOYOTA","C-HR","Passion 1.8 Hibrit e-CVT","(TSB'de bulunamadı)"
"TOYOTA","C-HR","GR Sport 1.8 Hybrid e-CVT","(TSB'de bulunamadı)"
"TOYOTA","Corolla Cross","Passion X-Pack 1.8 Hybrid e-CVT","(TSB'de bulunamadı)"
"TOYOTA","Corolla HB","Hybrid Flame 1.8L Hybrid e-CVT","(TSB'de bulunamadı)"
"TOYOTA","Corolla HB","Hybrid Passion X-Pack 1.8L Hybrid e-CVT","(TSB'de bulunamadı)"
"TOYOTA","Proace Max Kamyonet","L4 Kasalı M/T 2.2 D 140 HP MT","(TSB'de bulunamadı)"
"TOYOTA","Proace Max","L3H2 13m³ 2.2 D 140 HP M/T","(TSB'de bulunamadı)"
"TOYOTA","Proace Max","L4H3 17m³ 2.2 D 180 HP M/T","(TSB'de bulunamadı)"
"VOLKSWAGEN","T-Roc","Yeni Life 1.5 eTSI ACT 150 PS DSG","(TSB'de bulunamadı)"
"VOLKSWAGEN","T-Roc","Yeni Style 1.5 eTSI ACT 150 PS DSG","(TSB'de bulunamadı)"
"VOLKSWAGEN","T-Roc","Yeni R-Line 1.5 eTSI ACT 150 PS DSG","(TSB'de bulunamadı)"
"VOLKSWAGEN","Yeni T-Cross","Life  1.0 TSI 116 PS Manuel","(TSB'de bulunamadı)"
"VOLKSWAGEN","Yeni T-Cross","Life  1.0 TSI 116 PS DSG","(TSB'de bulunamadı)"
"VOLKSWAGEN","Yeni T-Cross","Style  1.0 TSI 116 PS DSG","(TSB'de bulunamadı)"
"VOLKSWAGEN","Yeni T-Cross","R-Line  1.0 TSI 116 PS DSG","(TSB'de bulunamadı)"
"VOLKSWAGEN","Tayron","Life 1.5 eTSI ACT 150 PS (7 koltuklu) DSG","(TSB'de bulunamadı)"
"VOLKSWAGEN","Tayron","Elegance 1.5 eTSI ACT 150 PS (7 koltuklu) DSG","(TSB'de bulunamadı)"
"VOLKSWAGEN","Tayron","R-Line 1.5 eTSI ACT 150 PS (7 koltuklu) DSG","(TSB'de bulunamadı)"
"VOLKSWAGEN","Transporter","City Van (5+1) / Camlı Van (4+1) 2.0 TDI Standart Şasi 150 PS Otomatik","(TSB'de bulunamadı)"
"VOLKSWAGEN","Transporter","City Van (5+1) / Camlı Van (4+1) 2.0 TDI Uzun Şasi 150 PS Otomatik","(TSB'de bulunamadı)"
"VOLKSWAGEN","Caravelle","Style  2.0 TDI (8+1) Uzun Şasi 170 PS Otomatik 4Motion","(TSB'de bulunamadı)"
"VOLKSWAGEN","ID.7","Pro S  210 kW/86 kWh 286 PS Otomatik","(TSB'de bulunamadı)"
"VOLKSWAGEN","ID. Buzz","Pro 4+1 Standart Şasi 286 PS","(TSB'de bulunamadı)"
"VOLKSWAGEN","Transporter Panelvan","Panel Van 2.0 TDI 2+1 Uzun Şasi 170PS Otomatik","(TSB'de bulunamadı)"
"VOLKSWAGEN","ID.Buzz Cargo","Cargo (2+1) Standart Şasi 286PS","(TSB'de bulunamadı)"
"VOLKSWAGEN","Crafter Panelvan","Comfortline 2.0 TDI (1+1) LWB HR 177 PS 3,88 T","(TSB'de bulunamadı)"
"RENAULT","Clio","Evolution 1.0 TCe x-tronic 90 hp","(TSB'de bulunamadı)"
"RENAULT","Clio","Evolution Plus  TCe 115 EDC","(TSB'de bulunamadı)"
"RENAULT","Clio","Esprit Alpine TCe 115 EDC","(TSB'de bulunamadı)"
"RENAULT","R5 E-Tech Elektrikli","Techno  EV40 120hp","(TSB'de bulunamadı)"
"RENAULT","R5 E-Tech Elektrikli","boş EV52 150hp","(TSB'de bulunamadı)"
"RENAULT","Kangoo Van","L2 Equilibre  1.5 Blue dCi EDC 115 bg","(TSB'de bulunamadı)"
"RENAULT","Master Panelvan","L3H2 17m3 170 hp","(TSB'de bulunamadı)"
"RENAULT","Master Kamyonet","L3 Çift Kabin 170 hp FD","(TSB'de bulunamadı)"
"RENAULT","Trafic Panelvan","Grand Confort 6m3 L2 2.0 Blue dCi EAG9 170 bg","(TSB'de bulunamadı)"
"FIAT","Egea","Easy 1.6 M.Jet 130 HP GSR","(TSB'de bulunamadı)"
"FIAT","Egea","Lounge 1.6 M.Jet 130 HP GSR","(TSB'de bulunamadı)"
"FIAT","Egea","Easy 1.6 M.Jet 130 HP DCT GSR","(TSB'de bulunamadı)"
"FIAT","Egea","Urban 1.6 M.Jet 130 HP GSR","(TSB'de bulunamadı)"
"FIAT","Egea","Urban  1.6 M.Jet 130 HP DCT GSR","(TSB'de bulunamadı)"
"FIAT","Egea","Lounge 1.6 M.Jet 130 HP DCT GSR","(TSB'de bulunamadı)"
"FIAT","Doblo Combi","Premio 1.5 130 HP BlueHDI E6.4 AT","(TSB'de bulunamadı)"
"FIAT","Topolino","Topolino 6 kW/8 HP - 5.5kWh","(TSB'de bulunamadı)"
"FIAT","Topolino","Topolino Plus 6 kW/8 HP - 5.5kWh","(TSB'de bulunamadı)"
"FIAT","Egea Cross","Street 1.6 M.Jet 130 HP DCT GSR Traction","(TSB'de bulunamadı)"
"FIAT","Egea Cross","Urban  1.6 M.Jet 130 HP DCT GSR Traction","(TSB'de bulunamadı)"
"FIAT","Egea Cross","Lounge  1.6 M.Jet 130 HP DCT GSR Traction","(TSB'de bulunamadı)"
"FIAT","Egea Cross","Limited 1.6 M.Jet 130 HP DCT GSR Traction+","(TSB'de bulunamadı)"
"FIAT","Grande Panda","La Prima 83 kW/113 HP - 44 kWh","(TSB'de bulunamadı)"
"FORD","Transit Custom Van BEV","Titanium Van 320S 160KW Otomatik Elektrik","(TSB'de bulunamadı)"
"FORD","Tourneo Courier","Trend 1.0L EcoBoost 100PS 6 İleri Manuel","(TSB'de bulunamadı)"
"FORD","Tourneo Courier","Titanium  1.0L EcoBoost 125PS, 6 İleri Manuel, Benzin","(TSB'de bulunamadı)"
"FORD","Tourneo Courier","Trend 1.5L EcoBlue 100PS 6 İleri Manuel","(TSB'de bulunamadı)"
"FORD","Tourneo Courier","Deluxe 1.0L EcoBoost 125PS 7 İleri Otomatik","(TSB'de bulunamadı)"
"FORD","Tourneo Courier","Deluxe 1.5L EcoBlue 100PS 6 İleri Manuel","(TSB'de bulunamadı)"
"FORD","Tourneo Courier","Active 1.0L EcoBoost 125PS 7 İleri Otomatik","(TSB'de bulunamadı)"
"FORD","Tourneo Courier","Active 1.5L EcoBlue Dizel 100PS 6 İleri Manuel","(TSB'de bulunamadı)"
"FORD","Kuga","Titanium 1.5L EcoBoost 186PS, 8 İleri Otomatik, Benzin","(TSB'de bulunamadı)"
"FORD","Transit Courier","Trend 1.0L EcoBoost 100PS 2.9m3 6 İleri Manuel","(TSB'de bulunamadı)"
"FORD","Transit Courier","Deluxe 1.0L EcoBoost 125PS  7 İleri Otomatik","(TSB'de bulunamadı)"
"FORD","Transit Courier","Deluxe 1.5L EcoBlue 100PS 2.9m3 6 İleri Manuel","(TSB'de bulunamadı)"
"FORD","Tourneo Custom Minibüs","Deluxe Minibüs (Kısa Şasi, Bagajlı) 2.0L EcoBlue Upgrade 136PS 320S, 8+1, 6 İleri Manuel","(TSB'de bulunamadı)"
"FORD","Tourneo Custom Minibüs","Deluxe Minibüs (Kısa Şasi, Bagajlı) 2.0L EcoBlue Upgrade 136PS 320S 8+1 8 İleri Otomatik","(TSB'de bulunamadı)"
"FORD","Tourneo Custom Minibüs","Titanium Minibüs (Kısa Şasi, Bagajlı), 320S, 8+1, 2.0L EcoBlue Upgrade 170PS, 8 İleri Otomatik, Dizel","(TSB'de bulunamadı)"
"FORD","Tourneo Custom Minibüs","Deluxe Minibüs (Uzun Şasi), 320L, 9+1, 2.0L EcoBlue Upgrade 170PS, 8 İleri Otomatik, Dizel","(TSB'de bulunamadı)"
"FORD","Tourneo Custom Minibüs","Titanium Minibüs (Uzun Şasi, Bagajlı), 320L, 8+1, 2.0L EcoBlue Upgrade 170PS, 8 İleri Otomatik, Dizel","(TSB'de bulunamadı)"
"FORD","Tourneo Custom Minibüs","Titanium Plus Minibüs (Uzun Şasi, Bagajlı), 320L, 8+1, 2.0L EcoBlue Upgrade 170PS, 8 İleri Otomatik, Dizel","(TSB'de bulunamadı)"
"FORD","Tourneo Custom Minibüs","Titanium Plus Minibüs (Uzun Şasi), 320L, 9+1, 2.0L EcoBlue Upgrade 170PS, 8 İleri Otomatik, Dizel","(TSB'de bulunamadı)"
"FORD","Tourneo Connect","Titanium 2.0L EcoBlue 122PS 7 İleri Otomatik","(TSB'de bulunamadı)"
"FORD","Puma Gen-E","Premıum SUV, 123KW, Otomatik, Elektrik","(TSB'de bulunamadı)"
"FORD","Yeni Transit Kamyonet","Trend Tek Kabin (Orta Şasi, Kasasız), 350MF, 2.0L EcoBlue Upgrade 165PS, 6 İleri Manuel, Dizel","(TSB'de bulunamadı)"
"FORD","Yeni Transit Kamyonet","Trend Tek Kabin (Uzun Şasi, Kasasız), 350LF, 2.0L EcoBlue Upgrade 165PS, 6 İleri Manuel, Dizel","(TSB'de bulunamadı)"
"FORD","Yeni Transit Kamyonet","Trend Tek Kabin (Orta Şasi, Kasalı), 350MF, 2.0L EcoBlue Upgrade 165PS, 6 İleri Manuel, Dizel","(TSB'de bulunamadı)"
"FORD","Yeni Transit Kamyonet","Trend Tek Kabin (Orta Şasi, Kasasız), 350M, 2.0L EcoBlue Upgrade 165PS, 6 İleri Manuel, Dizel","(TSB'de bulunamadı)"
"FORD","Yeni Transit Kamyonet","Trend Tek Kabin (Uzun Şasi, Kasalı), 350LF, 2.0L EcoBlue Upgrade 165PS, 6 İleri Manuel, Dizel","(TSB'de bulunamadı)"
"FORD","Yeni Transit Kamyonet","Trend Tek Kabin (Uzun Şasi, Kasasız), 350L, 2.0L EcoBlue Upgrade 165PS, 6 İleri Manuel, Dizel","(TSB'de bulunamadı)"
"FORD","Yeni Transit Kamyonet","Trend Tek Kabin (Orta Şasi, Kasalı), 350M, 2.0L EcoBlue Upgrade 165PS, 6 İleri Manuel, Dizel","(TSB'de bulunamadı)"
"FORD","Yeni Transit Kamyonet","Trend Tek Kabin (Uzun Şasi, Kasalı), 350L, 2.0L EcoBlue Upgrade 165PS, 6 İleri Manuel, Dizel","(TSB'de bulunamadı)"
"FORD","Yeni Transit Kamyonet","Trend Tek Kabin (Jumbo Şasi), 350E, 2.0L EcoBlue Upgrade 165PS, 6 İleri Manuel, Dizel","(TSB'de bulunamadı)"
"FORD","Yeni Transit Kamyonet","Trend Tek Kabin (Uzun Şasi, Kasasız), 350L, 2.0L EcoBlue Upgrade 165PS, 10 İleri Otomatik, Dizel","(TSB'de bulunamadı)"
"FORD","Yeni Transit Kamyonet","Trend Tek Kabin (Jumbo Şasi), 350ED, 2.0L EcoBlue Upgrade 165PS, 6 İleri Manuel, Dizel","(TSB'de bulunamadı)"
"FORD","Yeni Transit Kamyonet","Trend Çift Kabin (Uzun Şasi, Kasalı), 350L, 2.0L EcoBlue Upgrade 165PS, 6 İleri Manuel, Dizel","(TSB'de bulunamadı)"
"FORD","Yeni Transit Kamyonet","Trend Tek Kabin (Uzun Şasi, Kasalı), 350L, 2.0L EcoBlue Upgrade 165PS, 10 İleri Otomatik, Dizel","(TSB'de bulunamadı)"
"FORD","Yeni Transit Kamyonet","Trend Tek Kabin (Jumbo Şasi), 350ED, 2.0L EcoBlue Upgrade 165PS, 10 İleri Otomatik, Dizel","(TSB'de bulunamadı)"
"FORD","Yeni Transit Kamyonet","Trend Çift Kabin (Uzun Şasi, Kasasız), 350L, 2.0L EcoBlue Upgrade 165PS, 6 İleri Manuel, Dizel","(TSB'de bulunamadı)"
"FORD","Yeni Transit Kamyonet","Trend Tek Kabin (Jumbo Şasi), 350ED, Box Van, 2.0L EcoBlue Upgrade 165PS, 6 İleri Manuel, Dizel","(TSB'de bulunamadı)"
"FORD","Yeni Transit Kamyonet","Trend Çift Kabin (Jumbo Şasi, Kasasız), 350ED, 2.0L EcoBlue Upgrade 165PS, 6 İleri Manuel, Dizel","(TSB'de bulunamadı)"
"FORD","Yeni Transit Kamyonet","Trend Tek Kabin (Jumbo Şasi), 350ED, Luton Box Van, 2.0L EcoBlue Upgrade 165PS, 6 İleri Manuel, Dizel","(TSB'de bulunamadı)"
"FORD","Yeni Transit Kamyonet","Trend Çift Kabin (Jumbo Şasi, Kasasız), 350E, 2.0L EcoBlue Upgrade 165PS, 6 İleri Manuel, Dizel","(TSB'de bulunamadı)"
"FORD","Yeni Transit Kamyonet","Trend Tek Kabin (Ambulans, Jumbo Şasi), 425ED, 2.0L EcoBlue Upgrade 165PS, 6 İleri Manuel, Dizel","(TSB'de bulunamadı)"
"FORD","Yeni Transit Kamyonet","Trend Tek Kabin (Jumbo Şasi), 500ED, 2.0L EcoBlue Upgrade 165PS, 10 İleri Otomatik, Dizel","(TSB'de bulunamadı)"
"FORD","Transit Custom Van","Trend 320S 2.0L EcoBlue Upgrade 136PS 6 ileri Manuel Dizel Euro 6.2","(TSB'de bulunamadı)"
"FORD","Transit Custom Van","Trend 320L 2.0L EcoBlue Upgrade 136PS 6 İleri Manuel Dizel Euro 6.2","(TSB'de bulunamadı)"
"FORD","Transit Custom Van","Delux 320L 2.0L EcoBlue Upgrade 150PS 6 İleri Manuel Dizel Euro 6.2","(TSB'de bulunamadı)"
"FORD","Transit Custom Van","Delux 320S 2.0L EcoBlue Upgrade 136PS 8 İleri Otomatik Dizel Euro 6.2","(TSB'de bulunamadı)"
"FORD","Transit Custom Van","Delux 320S, 1+1 2.0L EcoBlue Upgrade 170PS, 8 İleri Otomatik, Dizel","(TSB'de bulunamadı)"
"FORD","Transit Custom Van","Delux Van, 320L, 2.0L EcoBlue Upgrade 170PS, 8 İleri Otomatik, Dizel","(TSB'de bulunamadı)"
"FORD","Transit Custom Van","Delux Kombi Van, 320S, 2.0L EcoBlue Upgrade 150PS, 6 İleri Manuel, Dizel","(TSB'de bulunamadı)"
"FORD","Transit Custom Van","Delux Kombi, 320S, 2.0L EcoBlue Upgrade 150PS, 6 İleri Manuel, Dizel","(TSB'de bulunamadı)"
"FORD","Transit Custom Van","Delux 320L Kombi 2.0L EcoBlue Upgrade 170PS 8 İleri Otomatik Dizel Euro 6.2","(TSB'de bulunamadı)"
"FORD","Yeni Transit Van","Trend Van (Orta Şasi), 350MF, 10m3, 2.0L EcoBlue Upgrade 165PS, 8 İleri Otomatik, Dizel","(TSB'de bulunamadı)"
"FORD","Yeni Transit Van","Trend Van (Uzun Şasi), 350LF, 11.5m3, 2.0L EcoBlue Upgrade 165PS, 8 İleri Otomatik, Dizel","(TSB'de bulunamadı)"
"FORD","Yeni Transit Van","Trend Van (Uzun Şasi), 350LF, Yüksek Tavan, 13m3, 2.0L EcoBlue Upgrade 165PS, 8 İleri Otomatik, Dizel","(TSB'de bulunamadı)"
"FORD","Yeni Transit Van","Deluxe Van (Uzun Şasi), 350L, 11m3, 2.0L EcoBlue Upgrade 165PS, 6 İleri Manuel, Dizel","(TSB'de bulunamadı)"
"FORD","Yeni Transit Van","Trend Çift Kabin Van (Uzun Şasi), 350LF, 5+1, 7.6m3, 2.0L EcoBlue Upgrade 165PS, 8 İleri Otomatik, Dizel","(TSB'de bulunamadı)"
"FORD","Yeni Transit Van","Trend Van (Uzun Şasi), 350L, FRIGO, 2.0L EcoBlue Upgrade 165PS, 6 İleri Manuel, Dizel","(TSB'de bulunamadı)"
"FORD","Yeni Transit Van","Trend Çift Kabin Van (Uzun Şasi), 350L, 5+1, 7.2m3, 2.0L EcoBlue Upgrade 165PS, 6 İleri Manuel, Dizel","(TSB'de bulunamadı)"
"FORD","Yeni Transit Van","Trend Camlı Van (Jumbo Şasi, 1+1), 440E, Camlı Van, 2.0L EcoBlue Upgrade 165PS, 6 İleri Manuel, Dizel","(TSB'de bulunamadı)"
"FORD","Yeni Transit Van","Deluxe Çift Kabin Van (Uzun Şasi), 350LF, 5+1, 7.6m3, 2.0L EcoBlue Upgrade 165PS, 8 İleri Otomatik, Dizel","(TSB'de bulunamadı)"
"FORD","Yeni Transit Van","Deluxe Çift Kabin Van (Uzun Şasi), 350L, 5+1, 7.2m3, 2.0L EcoBlue Upgrade 165PS, 6 İleri Manuel, Dizel","(TSB'de bulunamadı)"
"FORD","Yeni Transit Van","Deluxe Camlı Van (Uzun Şasi, 1+1), 410L, Camlı Van, 2.0L EcoBlue Upgrade 165PS, 6 İleri Manuel, Dizel","(TSB'de bulunamadı)"
"FORD","Yeni Transit Van","Trend Van (Jumbo Şasi), 350E, 15.1m3, 2.0L EcoBlue Upgrade 165PS, 10 İleri Otomatik, Dizel","(TSB'de bulunamadı)"
"FORD","Yeni Transit Van","Deluxe Camlı Van (Jumbo Şasi, 1+1), 440E, Camlı Van, 2.0L EcoBlue Upgrade 165PS, 6 İleri Manuel, Dizel","(TSB'de bulunamadı)"
"FORD","Yeni Transit Van","Deluxe Camlı Van (Jumbo Şasi, 2+1), 440E, Camlı Van, 2.0L EcoBlue Upgrade 165PS, 6 İleri Manuel, Dizel","(TSB'de bulunamadı)"
"FORD","Yeni Transit Van","Trend Van (Jumbo Şasi), 500ED, 15.1m3, 2.0L EcoBlue Upgrade 165PS, 10 İleri Otomatik, Dizel","(TSB'de bulunamadı)"
"FORD","Yeni Transit Van","Deluxe Camlı Van (Jumbo Şasi, 1+1), 460ED, Camlı Van, 2.0L EcoBlue Upgrade 165PS, 6 İleri Manuel, Dizel","(TSB'de bulunamadı)"
"FORD","Tourneo Custom Minibüs BEV","Titanium Minibüs (Bagajlı) 340L 160KW Otomatik Elektrik","(TSB'de bulunamadı)"
"FORD","Yeni E-Transit Kamyonet","Deluxe Tek Kabin (Uzun Şasi, Kasasız), 350L, 198KW, Otomatik, Elektrik","(TSB'de bulunamadı)"
"FORD","Yeni E-Transit Kamyonet","Deluxe Tek Kabin (Uzun Şasi, Kasalı), 350L, 198KW, Otomatik, Elektrik","(TSB'de bulunamadı)"
"FORD","Yeni E-Transit Kamyonet","Deluxe Tek Kabin (Jumbo Şasi, Kasasız), 350E, 198KW, Otomatik, Elektrik","(TSB'de bulunamadı)"
"FORD","Yeni E-Transit Kamyonet","Deluxe Tek Kabin (Jumbo Şasi, Kasalı), 350E, 198KW, Otomatik, Elektrik","(TSB'de bulunamadı)"
"FORD","Yeni Journey Courier BEV","Titanium Kombi, 100KW, Otomatik, Elektrik","(TSB'de bulunamadı)"
"FORD","Journey Courier","Deluxe Kombi, 1.0L EcoBoost 125PS, 6 İleri Manuel, Benzin","(TSB'de bulunamadı)"
"FORD","Journey Courier","Titanium Kombi, 1.0L EcoBoost 125PS, 7 İleri Otomatik, Benzin","(TSB'de bulunamadı)"
"FORD","E-Transit Minibüs","Deluxe Minibüs Minibüs (Uzun Şasi 14+1) 420L 14+1 198KW Otomatik Elektrik","(TSB'de bulunamadı)"
"FORD","Yeni E-Transit Van","Trend Van (Uzun Şasi) 350L, 11m3 198KW","(TSB'de bulunamadı)"
"FORD","Yeni Transit Minibüs","Limited  Minibüs (Jumbo Şasi, 16+1), 440E, 16+1, 2.0L EcoBlue Upgrade 165PS, 10 İleri Otomatik, Dizel","(TSB'de bulunamadı)"
"FORD","Yeni Transit Minibüs","Limited  Minibüs (Jumbo Şasi, 16+1), 460ED, 16+1, 2.0L EcoBlue Upgrade 165PS, 10 İleri Otomatik, Dizel","(TSB'de bulunamadı)"
"FORD","Ranger","XLT 4x4 2.0L Ecoblue 170PS 6 İleri Otomatik Dizel","(TSB'de bulunamadı)"
"FORD","Ranger","Wildtrak 4x4, 3.0L Ecoblue 240PS, 10 İleri Otomatik, Dizel","(TSB'de bulunamadı)"
"OPEL","Combo Life","Edition 1.5 Dizel AT-8 130 HP","(TSB'de bulunamadı)"
"OPEL","Combo Life","Ultimate 1.5 Dizel AT-8 130 HP","(TSB'de bulunamadı)"
"OPEL","Frontera Elektrik","GS 54 kWh Batarya - Uzun Menzil","(TSB'de bulunamadı)"
"OPEL","Frontera Elektrik","GS 44 kWh Batarya","(TSB'de bulunamadı)"
"OPEL","Vivaro Cargo","Ultimate XL 2.2 150 HP Dizel MT6","(TSB'de bulunamadı)"
"OPEL","Corsa Elektrik","GS 100kW (136 bg)","(TSB'de bulunamadı)"
"OPEL","Combo Elektrik","Edition  Elektrikli 100 kW","(TSB'de bulunamadı)"
"OPEL","Movano Minibüs","L4H2 15m3 4 Ton (Servis 16+1) 2.2 140 HP Dizel MT6","(TSB'de bulunamadı)"
"DACIA","Jogger","Extreme Eco-G 120 auto-7 koltuklu","(TSB'de bulunamadı)"
"HYUNDAI","İ20","Jump 1.0 T-GDI 90 PS","(TSB'de bulunamadı)"
"HYUNDAI","İ20","Style 1.0 T-GDI 90 PS","(TSB'de bulunamadı)"
"HYUNDAI","İ20","Style GSR II-C 1.0 T-GDI 90 PS","(TSB'de bulunamadı)"
"HYUNDAI","İ20","Elite 1.0 T-GDI 90 PS","(TSB'de bulunamadı)"
"HYUNDAI","İ20","Elite GSR II-C 1.0 T-GDI 90 PS","(TSB'de bulunamadı)"
"HYUNDAI","Yeni Bayon","Jump 1.0 T-GDI 90PS","(TSB'de bulunamadı)"
"BMW","1 Serisi","M Sport  BMW 120 Mild Hybrid - Benzin","(TSB'de bulunamadı)"
"BMW","1 Serisi","Sport Line 120 Mild Hybrid - Benzin","(TSB'de bulunamadı)"
"BMW","İ7","Pure Excellence xDrive60 elektrik 544 BG","(TSB'de bulunamadı)"
"BMW","İ7","M Excellence xDrive60 elektrik 544 BG","(TSB'de bulunamadı)"
"BMW","İ7","M Sport  i7 M70 xDrive","(TSB'de bulunamadı)"
"BMW","5 Serisi Sedan","M Sport BMW 520i Sedan","(TSB'de bulunamadı)"
"BMW","5 Serisi Sedan","Edition M Sport BMW 520i Sedan","(TSB'de bulunamadı)"
"BMW","5 Serisi Sedan","M Sport 520d xDrive Mild Hybrid-Dizel 197 BG","(TSB'de bulunamadı)"
"BMW","5 Serisi Sedan","Edition M Sport BMW 520d xDrive Sedan","(TSB'de bulunamadı)"
"BMW","7 Serisi","Pure Excellence 740d xDrive Mild Hybrid - Dizel 300 BG","(TSB'de bulunamadı)"
"BMW","7 Serisi","M Excellence 740d xDrive Mild Hybrid - Dizel 300 BG","(TSB'de bulunamadı)"
"BMW","İX","M Sport xDrive60","(TSB'de bulunamadı)"
"BMW","İX","M M70 xDrive","(TSB'de bulunamadı)"
"BMW","2 Serisi Active Tourer","Luxury Line 220i Mild Hybrid - Benzin","(TSB'de bulunamadı)"
"BMW","2 Serisi Active Tourer","M Sport 220i Mild Hybrid - Benzin","(TSB'de bulunamadı)"
"BMW","2 Serisi Active Tourer","Luxury Line 230e xDrive","(TSB'de bulunamadı)"
"BMW","2 Serisi Active Tourer","M Sport 230e xDrive","(TSB'de bulunamadı)"
"BMW","3 Serisi Sedan","Sport Line 320i 1.6 170 BG Otomatik","(TSB'de bulunamadı)"
"BMW","3 Serisi Sedan","M Sport 320i 1.6 170 BG Otomatik","(TSB'de bulunamadı)"
"FIAT","Ulysse","Lounge Konfor Paket 2.0 180HP AT8 8+1 2.0 Multijet3","(TSB'de bulunamadı)"
"FIAT","E-Doblo Panorama","MAXI PREMIO 1100kW (136 Hp) 260 Tork","(TSB'de bulunamadı)"
"FIAT","E-Doblo Panorama","PREMIO PLUS M1100kW (136 Hp) 260 Tork","(TSB'de bulunamadı)"
"FIAT","Yeni Ducato Kamyonet","3250M 2.2 140HP Kasalı S2","(TSB'de bulunamadı)"
"FIAT","Yeni Ducato Kamyonet","4200XL 2.2 180Hp S2 A/T","(TSB'de bulunamadı)"
"FIAT","Yeni Ducato Kamyonet","3850L 2.2 140HP Kasalı S2","(TSB'de bulunamadı)"
"FIAT","Yeni Ducato Kamyonet","4200XL 2.2 140HP Kasalı S2","(TSB'de bulunamadı)"
"FIAT","Yeni Ducato Kamyonet","4200XL 2.2 180Hp A/T Kasalı","(TSB'de bulunamadı)"
"FIAT","E-Doblo Cargo","MAXI 100kW (136hp) 260Nm","(TSB'de bulunamadı)"
"FIAT","Yeni Ducato Van","Van Maxi 15m³ 2.2 140HP S2","(TSB'de bulunamadı)"
"FIAT","Yeni Ducato Van","Van Maxi 17m³   2.2 140HP S2","(TSB'de bulunamadı)"
"KIA","EV3","Prestige Standard Range 150 kW Otomatik","(TSB'de bulunamadı)"
"KIA","EV6","Elegance Standard Range EV6 - 125 kW 4X2 Otomatik","(TSB'de bulunamadı)"
"KIA","Sorento","Prestige Smart 1.6L 215 PS 4X4 Otomatik 7 Koltuk","(TSB'de bulunamadı)"
"KIA","EV9","Prestige 149 kW Otomatik 7 Koltuklu","(TSB'de bulunamadı)"
"KIA","EV9","GT-Line 283 kW 4X4 Otomatik 7 Koltuk","(TSB'de bulunamadı)"
"KIA","Niro EV","Elegance 150 kW Otomatik","(TSB'de bulunamadı)"
"BMW","İX1","M Sport eDrive20 Elektrik 150 kW","(TSB'de bulunamadı)"
"BMW","İ4","Sport Line   BMW i4 eDrive40","(TSB'de bulunamadı)"
"BMW","İ4","M Sport BMW i4 eDrive40","(TSB'de bulunamadı)"
"BMW","İ4","Edition M Sport   BMW i4 eDrive40","(TSB'de bulunamadı)"
"BMW","2 Serisi Gran Coupe","Sport Line Otomatik Mild Hybrid - Benzin 170hp","(TSB'de bulunamadı)"
"BMW","2 Serisi Gran Coupe","M Sport Otomatik Mild Hybrid - Benzin 170hp","(TSB'de bulunamadı)"
"BMW","4 Serisi Gran Coupe","M Sport 420i 1.6 170 BG Otomatik","(TSB'de bulunamadı)"
"BMW","4 Serisi Gran Coupe","Edition M Sport 420i 1.6 170 BG Otomatik","(TSB'de bulunamadı)"
"BMW","4 Serisi Cabrio","M Sport 430i xDrive 2.0 245BG","(TSB'de bulunamadı)"
"BMW","M5 Touring","M 530 kW (727 bg)","(TSB'de bulunamadı)"
"BMW","İX2","M Sport BMW iX2 eDrive20","(TSB'de bulunamadı)"
"BMW","İ5","M Sport  i5 eDrive40","(TSB'de bulunamadı)"
"BMW","İ5","Edition M Sport BMW i5 eDrive40","(TSB'de bulunamadı)"
"BMW","İ5","M Sport  i5 xDrive40","(TSB'de bulunamadı)"
"BMW","İ5","M Sport BMW i5 xDrive40 Touring","(TSB'de bulunamadı)"
"BMW","İ5","Edition M Sport BMW i5 xDrive40","(TSB'de bulunamadı)"
"BMW","İ5","Edition M Sport BMW i5 xDrive40 Touring","(TSB'de bulunamadı)"
"BMW","İ5","M M60 81.2 kWh (601 bg) xDrive","(TSB'de bulunamadı)"
"BMW","İ5","M BMW i5 M60 xDrive Touring","(TSB'de bulunamadı)"
"BMW","M2 Coupe","M 480bg Otomatik Benzin","(TSB'de bulunamadı)"
"BMW","4 Serisi Coupe","M Sport 420i 1.6 170 BG Otomatik","(TSB'de bulunamadı)"
"BMW","4 Serisi Coupe","Edition M Sport 420i 1.6 170 BG Otomatik","(TSB'de bulunamadı)"
"PEUGEOT","408","ALLURE 1.2 Hybrid 145hp eDCS6 Cam Tavan","(TSB'de bulunamadı)"
"PEUGEOT","E-2008","ALLURE 115kW (156hp)","(TSB'de bulunamadı)"
"PEUGEOT","E-2008","GT 115kW (156hp)","(TSB'de bulunamadı)"
"PEUGEOT","E-208","GT Elektrikli 100kW (136bg)","(TSB'de bulunamadı)"
"PEUGEOT","E-308","GT 115 kW (156hp)","(TSB'de bulunamadı)"
"PEUGEOT","Partner Van","Comfort Uzun 1.5 BlueHDi 130hp EAT8","(TSB'de bulunamadı)"
"PEUGEOT","E-3008","Allure  157kW (210hp)","(TSB'de bulunamadı)"
"PEUGEOT","E-3008","GT  157kW (210hp)","(TSB'de bulunamadı)"
"PEUGEOT","Boxer Van","L4H2 2.2 BlueHDi 180hp EAT8 S&S (15 m3)","(TSB'de bulunamadı)"
"PEUGEOT","Boxer Van","L4H2 2.2 BlueHDi 180hp EAT8 S&S (17 m3)","(TSB'de bulunamadı)"
"PEUGEOT","Boxer Minibüs","Okul 2.2 BlueHDi 140hp MT6 S&S","(TSB'de bulunamadı)"
"PEUGEOT","E-5008","Allure  210Hp (157 kW)","(TSB'de bulunamadı)"
"PEUGEOT","E-5008","GT  210Hp (157 kW)","(TSB'de bulunamadı)"
"HONDA","HR-V e:HEV","Elegance 1.5L e:HEV Hybrid","(TSB'de bulunamadı)"
"HONDA","HR-V e:HEV","Advance 1.5L e:HEV Hybrid","(TSB'de bulunamadı)"
"HONDA","CR-V e:HEV","Advance 2.0 L Hibrit","(TSB'de bulunamadı)"
"HONDA","ZR-V e:HEV","Advance 2.0L Hibrit","(TSB'de bulunamadı)"
"CITROEN","e-C3","Plus 83 kW Elektrikli Motor","(TSB'de bulunamadı)"
"CITROEN","e-C3","Max 83 kW Elektrikli Motor","(TSB'de bulunamadı)"
"CITROEN","Ami","electric 6 kW Elektrik Motor","(TSB'de bulunamadı)"
"CITROEN","Ami","Dark Side 6 kW Elektrik Motor","(TSB'de bulunamadı)"
"CITROEN","C3 Aircross","Max-7 Koltuk  1.2 Hybrid 145* - eDCS6","(TSB'de bulunamadı)"
"CITROEN","C4","You 1.2 Hybrid 145 eDCS6","(TSB'de bulunamadı)"
"CITROEN","C4","Max 1.2 Hybrid 145 eDCS6","(TSB'de bulunamadı)"
"CITROEN","e-C3 Aircross","Max 83 kW Elektrikli Motor Standart Menzil","(TSB'de bulunamadı)"
"CITROEN","e-C3 Aircross","Max 83 kW Elektrikli Motor Uzun Menzil","(TSB'de bulunamadı)"
"CITROEN","ë-C5 Aircross","Plus 157 kW Elektrikli Motor","(TSB'de bulunamadı)"
"CITROEN","e-C4 X","Max 115 kW Elektrikli Motor","(TSB'de bulunamadı)"
"CITROEN","e-C4","Max 115 kW Elektrikli Motor","(TSB'de bulunamadı)"
"SKODA","Superb","L&K CRYSTAL Combi 1.5 TSI mHEV 150 PS DSG","(TSB'de bulunamadı)"
"SKODA","Superb","Combi L&K Crystal 2.0 TSI 265 PS DSG 4x4","(TSB'de bulunamadı)"
"SKODA","Octavia","Combi Sportline  1.5 TSI mHEV 150 PS DSG","(TSB'de bulunamadı)"
"SKODA","Elroq","ePrestige 60","(TSB'de bulunamadı)"
"ALFA ROMEO","Junıor Elettrıca","Speciale 115 kW 156 HP","(TSB'de bulunamadı)"
"SEAT","İbiza","Style Plus 1.0 TSI 116 PS DSG","(TSB'de bulunamadı)"
"NISSAN","Qashqai","Platinum  1.3 DIG-T 158PS X-Tronic CVT","(TSB'de bulunamadı)"
"NISSAN","Qashqai","Platinum 4WD  1.3 DIG-T 158PS X-Tronic CVT","(TSB'de bulunamadı)"
"NISSAN","Qashqai","Platinum Premium 1.3 DIG-T 158PS X-Tronic CVT 4x4","(TSB'de bulunamadı)"
"NISSAN","Qashqai","Platinum  e-POWER 190PS","(TSB'de bulunamadı)"
"NISSAN","X-Trail","PLATINUM 1.5 VC-T Mild Hybrid 163PS Auto","(TSB'de bulunamadı)"
"NISSAN","X-Trail","PLATINUM PREMIUM 1.5 VC-T Mild Hybrid 163PS Auto","(TSB'de bulunamadı)"
"NISSAN","Townstar Combi EV","Designpack 90 kW","(TSB'de bulunamadı)"
"NISSAN","Townstar Combi EV","Platinum 90 kW","(TSB'de bulunamadı)"
"NISSAN","Townstar Van","EV L1 Tekna+ 90 kW","(TSB'de bulunamadı)"
"AUDI","A3 Sedan","S line 35 Turbo FSI 150 hp S line S tronic PI","A3 SEDAN 1.4 TFSI 140 ATTRACTION S TRONIC"
"","","","A3 SEDAN 1.4 TFSI 140 AMBIENTE S TRONIC"
"","","","A3 SEDAN 1.6 TDI 105 AMBITION S TRONIC"
"","","","A3 SEDAN 1.6 TDI 105 ATTRACTION S TRONIC"
"","","","A3 SEDAN 1.4 TFSI 140 AMBITION STRONIC"
"","","","A3 SEDAN 1.6 TDI AMBIENTE S TRONIC"
"","","","A3 SEDAN 1.4 TFSI 150 ATTRACTION S TRONIC"
"","","","A3 SEDAN 1.6 TDI 110 AMBIENTE S TRONIC"
"","","","A3 SEDAN 1.4 TFSI 125 AMBIENTE S TRONIC"
"","","","A3 SEDAN 1.4 TFSI 125 AMBITION S TRONIC"
"","","","A3 SEDAN 1.4 TFSI 150 AMBIENTE S TRONIC"
"","","","A3 SEDAN 1.4 TFSI 150 AMBITION S TRONIC"
"","","","A3 SEDAN 1.6 TDI 110 S TRONIC"
"","","","A3 SEDAN 1.6 TDI 110 ATTRACTION S TRONIC"
"","","","A3 SEDAN 1.4 TFSI 125 ATTRACTION S TRONIC"
"","","","A3 SEDAN 1.2 TFSI 110 ATTRACTION"
"","","",""
"AUDI","A5 Sedan","Base TFSI quattro 200 kW","(TSB'de bulunamadı)"
"AUDI","Q5 Sportback","Base TFSI quattro 150 kW S tronic","(TSB'de bulunamadı)"
"AUDI","Q5 Sportback","Base TDI quattro 150 kW S tronic","(TSB'de bulunamadı)"
"AUDI","Rs e-tron GT Performance","Base 570 kW PS quattro","(TSB'de bulunamadı)"
"AUDI","Q4 e-tron","Base 40 e-tron","(TSB'de bulunamadı)"
"AUDI","Q4 e-tron","Base  45 e-tron","(TSB'de bulunamadı)"
"AUDI","A6 Avant e-tron","Base e-tron","(TSB'de bulunamadı)"
"AUDI","A6 Avant e-tron","Base e-tron performance","(TSB'de bulunamadı)"
"AUDI","E-tron GT Quattro","Quattro 93.4 kWh (530 BG)","(TSB'de bulunamadı)"
"AUDI","S3 Sportback","Quattro 2.0 Turbo FSI 310 hp S tronic","S3 SPORTBACK 2.0 TFSI QUATTRO"
"","","","RS3 SPORTBACK"
"","","","S3 SPORTBACK S TRONIC"
"","","","S3 SPORTBACK 2.0 TFSI 280 QUATTRO S TRONIC"
"","","","S3 SPORTBACK 2.0 TFSI 285 QUATTRO S TRONIC"
"","","","RS3 SPORTBACK 2.5 TFSI"
"","","",""
"AUDI","RS E-tron GT","Quattro performance 93.4 kWh (530 BG)","(TSB'de bulunamadı)"
"AUDI","RS3 Sportback","Base  TFSI quattro 294 kW S tronic","RS3 SPORTBACK"
"","","","RS3 SPORTBACK 2.5 TFSI"
"","","",""
"AUDI","Yeni A6 Avant","Base TDI quattro 150 kW","(TSB'de bulunamadı)"
"AUDI","A5 Avant","Base TFSI quattro 150 kW S tronic","(TSB'de bulunamadı)"
"AUDI","A5 Avant","Base TDI quattro 150 kW S tronic","(TSB'de bulunamadı)"
"AUDI","Q6 Suv e-tron","Base e-tron 55 quattro","(TSB'de bulunamadı)"
"AUDI","S e-tron GT","Base 435 kW PS quattro","(TSB'de bulunamadı)"
"SUZUKI","S-Cross","GLX Black Edition  1.4 MHEV 4x4 6AT AllGrip","(TSB'de bulunamadı)"
"SUZUKI","S-Cross","GL Elegance 1.4 MHEV 6AT","(TSB'de bulunamadı)"
"SUZUKI","S-Cross","GL Elegance 1.4 MHEV 4x4 6AT AllGrip","(TSB'de bulunamadı)"
"SUZUKI","S-Cross","GLX Premium 1.4 MHEV 6AT","(TSB'de bulunamadı)"
"SUZUKI","S-Cross","GLX Premium 1.4 MHEV 4x4 6AT AllGrip","(TSB'de bulunamadı)"
"SUZUKI","Vitara","GLX Black Edition (Çift Renk) 1.4 MHEV Allgrip 6AT (Çift Renk)","(TSB'de bulunamadı)"
"SUZUKI","Vitara","GL Elegance 1.4 MHEV 6AT (Çift Renk)","(TSB'de bulunamadı)"
"SUZUKI","Vitara","GL Elegance 1.4 MHEV 6AT AllGrip  (Tek Renk)","(TSB'de bulunamadı)"
"SUZUKI","Vitara","GL Elegance 1.4 MHEV Allgrip 6AT (Çift Renk)","(TSB'de bulunamadı)"
"SUZUKI","Vitara","GLX Premium 1.4 MHEV 6AT (Çift Renk)","(TSB'de bulunamadı)"
"SUZUKI","Vitara","GLX Premium 1.4 MHEV 6AT AllGrip (Tek Renk)","(TSB'de bulunamadı)"
"SUZUKI","Vitara","GLX Premium  1.4 MHEV 6AT AllGrip (Çift Renk)","(TSB'de bulunamadı)"
"SUZUKI","Swift Hibrit","Life 1.2 MHEV CVT (Çift Renk)","(TSB'de bulunamadı)"
"VOLVO","XC60","Plus Bright T8 AWD plug-in hybrid","(TSB'de bulunamadı)"
"VOLVO","XC60","Plus Dark  Black Edition B5 AWD mild hybrid","(TSB'de bulunamadı)"
"VOLVO","XC60","Plus Black Edition  T8 AWD plug-in hybrid","(TSB'de bulunamadı)"
"VOLVO","EX40","Ultra Black Edition  SINGLE MOTOR EXTENDED RANGE","(TSB'de bulunamadı)"
"VOLVO","EC40","Ultra Black Edition SINGLE MOTOR EXTENDED RANGE","(TSB'de bulunamadı)"